{"cameraMode":{"drawMode":0,"name":"Shaded","section":"Shading Mode"},"sceneLighting":false,"audioPlay":false,"sceneViewState":{"m_AlwaysRefresh":false,"showFog":true,"showSkybox":false,"showFlares":true,"showImageEffects":true,"showParticleSystems":true,"showVisualEffectGraphs":true,"m_FxEnabled":true},"in2DMode":false,"pivot":{"x":-0.021148681640625,"y":0.20930399000644685,"z":0.007412612438201904},"rotation":{"x":-0.3833421468734741,"y":-0.07551790773868561,"z":0.031467925757169726,"w":-0.9199753999710083},"size":0.5785627961158752,"orthographic":false}