{"cameraMode":{"drawMode":0,"name":"Shaded","section":"Shading Mode"},"sceneLighting":true,"audioPlay":false,"sceneViewState":{"m_AlwaysRefresh":false,"showFog":true,"showSkybox":true,"showFlares":true,"showImageEffects":true,"showParticleSystems":true,"showVisualEffectGraphs":true,"m_FxEnabled":true},"in2DMode":false,"pivot":{"x":67.7229995727539,"y":-1.3200000524520875,"z":17.010000228881837},"rotation":{"x":0.14168520271778108,"y":0.14456848800182343,"z":0.0006335964426398277,"w":0.9793164134025574},"size":1.3976279497146607,"orthographic":false}